{
    "best_epoch": 6,
    "best_loss": 1.1963190708775073,
    "epochs_trained": 25,
    "num_bad_epochs": 19,
    "train_loss_history": [
        20.697236839681864,
        8.5095050833188,
        7.22943427413702,
        6.438150919042528,
        5.892336922232062,
        5.444994288031012,
        4.971217792015523,
        4.55935349338688,
        4.15007636253722,
        3.813237451482564,
        3.4831362538971007,
        3.2115684908349067,
        2.9440638925880194,
        2.7115510732401162,
        2.5006399552803487,
        2.325938281021081,
        2.153980137198232,
        2.02167070354335,
        1.8884349707514048,
        1.7832511032465845,
        1.6870193448849022,
        1.6011783423600718,
        1.5172688568709418,
        1.4419206667225808,
        1.3816223032190464
    ],
    "valid_loss_history": [
        1.5454671983607113,
        1.370334601495415,
        1.271590412594378,
        1.2240605698898435,
        1.2414801919367164,
        1.1963190708775073,
        1.2080686739645898,
        1.234182512620464,
        1.2739662404637784,
        1.2730849732179195,
        1.3624961310997605,
        1.3631992018781602,
        1.544401699444279,
        1.6630295955110341,
        1.690485755680129,
        1.608161553973332,
        1.7757675033062696,
        1.9025199050083756,
        1.803852359764278,
        1.849508574232459,
        2.1192932734265924,
        2.1499076294712722,
        2.0078542958945036,
        2.080676620826125,
        2.215410505887121
    ]
}